Team,Age,W,L,PW,PL,MOV,SOS,SRS,ORtg,DRtg,NRtg,Pace,FTr,3PAr,TS%,Off_eFG%,Off_TOV%,ORB%,Off_FT/FGA,Def_eFG%,Def_TOV%,DRB%,Def_FT/FGA,G,MP,FG,FGA,FG%,3P,3PA,3P%,2P,2PA,2P%,FT,FTA,FT%,ORB,DRB,TRB,AST,STL,BLK,TOV,PF,PTS,Year
Cleveland Cavaliers,26.6,66.0,16.0,65,17,8.93,-0.25,8.68,112.4,102.4,10.0,88.7,0.312,0.259,0.56,0.519,12.5,27.7,0.236,0.468,13.5,74.6,0.226,82,19780,41.3,88.3,0.468,9.0,22.8,0.393,32.4,65.4,0.495,20.8,27.5,0.757,12.1,35.2,47.3,22.7,8.1,5.9,14.3,22.7,112.4,2009
Boston Celtics,27.8,62.0,20.0,61,21,7.51,-0.07,7.44,110.5,102.3,8.2,90.4,0.328,0.214,0.571,0.528,15.0,27.9,0.251,0.47,14.0,75.6,0.253,82,19880,41.1,84.6,0.486,7.2,18.1,0.397,33.9,66.5,0.51,21.2,27.7,0.765,11.6,34.5,46.1,24.9,8.3,5.2,17.1,25.3,110.5,2009
Los Angeles Lakers,27.4,65.0,17.0,61,21,7.66,-0.55,7.11,112.8,104.7,8.1,94.3,0.299,0.217,0.555,0.513,12.3,29.4,0.23,0.49,14.2,73.0,0.213,82,19780,42.6,89.8,0.474,7.0,19.5,0.361,35.5,70.3,0.505,20.7,26.9,0.77,13.1,33.3,46.3,24.5,9.2,5.4,14.2,21.8,112.8,2009
Orlando Magic,27.3,59.0,23.0,59,23,6.7,-0.21,6.48,109.2,101.9,7.3,92.3,0.351,0.335,0.559,0.52,13.4,24.0,0.251,0.465,12.3,75.9,0.209,82,19730,38.6,84.5,0.457,10.8,28.3,0.381,27.8,56.2,0.495,21.2,29.7,0.715,10.8,35.9,46.7,21.0,7.5,5.8,15.0,21.9,109.2,2009
Portland Trail Blazers,24.0,54.0,28.0,56,26,5.34,-0.35,5.0,113.9,107.8,6.1,86.6,0.306,0.239,0.553,0.511,12.5,32.6,0.234,0.499,13.2,75.0,0.227,82,19830,42.2,90.7,0.465,8.3,21.7,0.383,33.8,69.0,0.49,21.2,27.8,0.765,14.8,33.0,47.8,23.3,7.7,5.6,14.7,23.3,113.9,2009
Houston Rockets,27.9,53.0,29.0,53,29,4.0,-0.27,3.73,108.4,104.0,4.4,90.2,0.292,0.254,0.548,0.501,13.6,26.4,0.235,0.479,11.9,75.3,0.192,82,19805,39.8,87.7,0.453,8.3,22.2,0.375,31.4,65.4,0.48,20.6,25.6,0.805,11.6,35.8,47.3,22.3,7.4,4.8,15.6,20.9,108.4,2009
San Antonio Spurs,30.4,54.0,28.0,52,30,3.76,-0.4,3.36,108.5,104.3,4.2,88.4,0.251,0.248,0.548,0.513,11.7,22.1,0.191,0.487,11.7,78.0,0.191,82,19905,41.5,89.1,0.466,8.5,22.1,0.386,33.0,67.0,0.492,17.0,22.4,0.761,9.9,36.0,45.9,23.7,6.5,4.5,13.1,21.1,108.5,2009
Denver Nuggets,27.7,54.0,28.0,50,32,3.41,-0.29,3.13,110.4,106.8,3.6,94.3,0.382,0.227,0.563,0.512,14.2,27.5,0.29,0.485,14.1,71.7,0.259,82,19730,39.5,84.0,0.47,7.1,19.1,0.371,32.4,64.9,0.499,24.4,32.1,0.76,11.7,32.4,44.0,23.5,9.2,6.3,16.2,24.2,110.4,2009
Utah Jazz,25.5,48.0,34.0,48,34,2.65,-0.34,2.31,110.1,107.3,2.8,93.1,0.355,0.169,0.554,0.504,13.6,28.2,0.274,0.505,15.0,72.7,0.262,82,19880,40.7,85.8,0.475,5.1,14.5,0.349,35.7,71.3,0.5,23.5,30.5,0.771,12.2,31.4,43.6,26.2,9.3,4.8,15.7,23.7,110.1,2009
Dallas Mavericks,29.0,50.0,32.0,47,35,1.98,-0.3,1.68,110.5,108.4,2.1,91.5,0.274,0.241,0.55,0.504,12.1,26.6,0.224,0.493,12.3,74.6,0.225,82,19805,41.4,89.7,0.462,7.6,21.6,0.35,33.9,68.1,0.498,20.1,24.5,0.819,12.0,34.4,46.4,23.6,7.8,5.7,13.8,21.2,110.5,2009
Phoenix Suns,29.5,46.0,36.0,46,36,1.93,-0.31,1.62,113.6,111.6,2.0,96.0,0.336,0.216,0.584,0.545,14.4,27.7,0.25,0.511,12.8,71.7,0.233,82,19755,42.7,84.7,0.504,7.0,18.3,0.383,35.7,66.5,0.537,21.2,28.5,0.744,11.4,31.9,43.3,24.1,7.5,5.3,16.3,21.4,113.6,2009
Atlanta Hawks,25.8,47.0,35.0,46,36,1.57,0.13,1.7,109.3,107.6,1.7,89.6,0.323,0.253,0.546,0.504,12.5,26.0,0.238,0.494,13.2,71.6,0.21,82,19705,40.2,87.7,0.458,8.1,22.2,0.366,32.1,65.5,0.49,20.9,28.3,0.737,11.8,32.8,44.6,22.5,8.2,5.1,14.2,21.9,109.3,2009
New Orleans Hornets,28.2,49.0,33.0,46,36,1.55,-0.14,1.41,108.7,107.0,1.7,87.8,0.288,0.24,0.548,0.501,12.5,24.6,0.232,0.496,13.2,74.9,0.23,82,19755,40.3,88.1,0.457,7.7,21.1,0.364,32.6,67.0,0.487,20.5,25.4,0.807,11.1,33.9,45.0,22.3,8.2,4.7,14.2,23.0,108.7,2009
Miami Heat,25.6,43.0,39.0,42,40,0.26,0.23,0.49,107.8,107.6,0.2,89.9,0.282,0.245,0.54,0.5,12.1,24.6,0.212,0.501,14.5,72.9,0.251,82,19955,40.6,88.9,0.457,7.8,21.8,0.357,32.8,67.1,0.489,18.9,25.0,0.754,11.1,32.3,43.3,22.4,8.7,6.0,13.7,22.7,107.8,2009
Philadelphia 76ers,26.1,41.0,41.0,41,41,0.07,0.09,0.16,107.9,107.8,0.1,90.0,0.339,0.164,0.532,0.485,13.4,31.3,0.253,0.507,14.9,71.4,0.216,82,19755,40.5,88.2,0.459,4.6,14.5,0.318,35.9,73.7,0.486,22.3,29.9,0.745,14.0,31.5,45.6,22.2,8.9,5.6,15.6,22.3,107.9,2009
Chicago Bulls,24.9,41.0,41.0,40,42,-0.28,0.12,-0.16,108.4,108.7,-0.3,93.1,0.3,0.189,0.541,0.493,13.3,28.0,0.239,0.493,13.1,70.9,0.238,82,19930,40.4,88.6,0.457,6.4,16.7,0.381,34.1,71.9,0.474,21.1,26.6,0.796,12.6,32.1,44.7,22.4,8.0,5.9,15.4,22.1,108.4,2009
Detroit Pistons,28.2,39.0,43.0,40,42,-0.49,0.13,-0.36,107.4,108.0,-0.6,86.7,0.282,0.165,0.524,0.483,11.7,27.9,0.212,0.485,11.7,74.0,0.248,82,19905,41.4,91.2,0.454,5.2,15.0,0.349,36.2,76.2,0.475,19.3,25.7,0.751,13.2,34.0,47.2,23.5,6.9,5.2,13.5,23.8,107.4,2009
Indiana Pacers,26.5,36.0,46.0,38,44,-1.11,0.35,-0.76,108.1,109.2,-1.1,96.5,0.267,0.244,0.545,0.501,13.1,25.4,0.215,0.499,12.7,74.5,0.271,82,19830,40.4,88.8,0.455,8.2,21.6,0.378,32.2,67.2,0.48,19.1,23.7,0.807,11.6,33.4,45.0,22.3,7.2,5.4,14.9,23.8,108.1,2009
Milwaukee Bucks,26.3,34.0,48.0,38,44,-1.09,0.21,-0.88,106.7,107.9,-1.2,92.6,0.306,0.208,0.531,0.483,13.1,27.8,0.239,0.503,15.6,74.0,0.315,82,19780,39.4,88.5,0.445,6.7,18.5,0.363,32.7,70.1,0.467,21.1,27.1,0.78,12.8,31.0,43.8,23.6,8.0,4.0,15.1,26.0,106.7,2009
Charlotte Bobcats,25.8,35.0,47.0,37,45,-1.27,0.07,-1.2,104.7,106.1,-1.4,88.3,0.312,0.213,0.536,0.494,15.1,27.7,0.231,0.498,14.4,73.0,0.229,82,19930,39.1,85.9,0.455,6.7,18.3,0.366,32.4,67.6,0.479,19.8,26.8,0.74,12.1,32.3,44.3,23.7,7.9,5.4,17.4,23.9,104.7,2009
New York Knicks,25.7,32.0,50.0,34,48,-2.61,0.28,-2.33,108.1,110.8,-2.7,96.7,0.268,0.322,0.544,0.503,12.9,24.4,0.21,0.52,13.0,72.7,0.215,82,19805,39.6,88.9,0.445,10.3,28.6,0.36,29.3,60.2,0.486,18.7,23.8,0.784,11.4,31.9,43.3,21.8,7.6,2.6,14.7,21.0,108.1,2009
New Jersey Nets,25.7,34.0,48.0,34,48,-2.44,0.13,-2.31,108.3,111.0,-2.7,89.9,0.303,0.265,0.543,0.497,12.7,25.2,0.236,0.509,13.0,73.5,0.272,82,19830,39.4,88.0,0.448,8.8,23.4,0.376,30.6,64.6,0.473,20.8,26.7,0.779,11.4,32.5,44.0,22.0,7.5,5.3,14.5,24.7,108.3,2009
Toronto Raptors,27.0,33.0,49.0,33,49,-2.82,0.28,-2.54,107.0,110.0,-3.0,92.0,0.279,0.193,0.542,0.494,12.8,24.0,0.23,0.511,12.6,73.7,0.202,82,19805,40.2,87.9,0.458,6.3,17.0,0.372,33.9,70.9,0.478,20.2,24.5,0.824,10.6,33.1,43.7,24.2,6.9,5.1,14.5,21.0,107.0,2009
Golden State Warriors,25.0,29.0,53.0,31,51,-3.74,-0.06,-3.8,109.5,113.3,-3.8,98.2,0.339,0.209,0.549,0.497,12.9,26.1,0.268,0.508,12.9,68.1,0.251,82,19880,39.7,86.8,0.458,6.8,18.1,0.373,33.0,68.6,0.48,23.3,29.4,0.791,11.7,30.6,42.4,21.0,7.8,6.5,14.8,22.7,109.5,2009
Minnesota Timberwolves,25.4,24.0,58.0,27,55,-4.91,0.18,-4.74,106.1,111.4,-5.3,91.6,0.289,0.227,0.526,0.481,13.3,27.7,0.222,0.515,12.0,75.0,0.254,82,19805,39.5,89.5,0.441,7.2,20.4,0.353,32.3,69.2,0.467,19.9,25.9,0.769,12.9,32.3,45.2,22.1,6.8,4.3,15.4,23.6,106.1,2009
Memphis Grizzlies,23.3,24.0,58.0,26,56,-5.46,0.24,-5.23,103.5,109.5,-6.0,90.1,0.329,0.175,0.533,0.486,14.8,25.8,0.249,0.515,14.1,73.5,0.247,82,19805,38.5,84.8,0.454,5.4,14.9,0.36,33.2,70.0,0.474,21.1,27.9,0.756,11.4,31.4,42.8,19.1,8.3,5.2,16.8,23.9,103.5,2009
Oklahoma City Thunder,24.5,23.0,59.0,24,58,-6.1,0.06,-6.04,102.9,109.4,-6.5,93.6,0.308,0.141,0.521,0.471,14.8,28.6,0.242,0.514,13.0,73.9,0.216,82,19805,38.8,86.9,0.447,4.2,12.3,0.346,34.6,74.7,0.463,21.0,26.8,0.786,12.9,32.3,45.3,21.5,7.9,4.8,17.2,21.4,102.9,2009
Washington Wizards,26.9,19.0,63.0,21,61,-7.46,0.48,-6.98,105.4,113.6,-8.2,91.0,0.293,0.18,0.524,0.48,13.2,27.7,0.224,0.533,13.3,71.4,0.227,82,19705,40.1,89.1,0.45,5.3,16.0,0.33,34.8,73.0,0.476,20.0,26.1,0.767,12.8,31.2,44.0,22.0,8.3,4.9,15.3,22.5,105.4,2009
Sacramento Kings,26.3,17.0,65.0,19,63,-8.76,0.16,-8.6,105.5,114.7,-9.2,94.2,0.315,0.238,0.542,0.491,14.3,24.5,0.252,0.526,13.0,69.9,0.269,82,19905,38.3,85.5,0.447,7.5,20.4,0.368,30.8,65.1,0.472,21.5,27.0,0.798,10.7,30.3,41.0,20.7,7.3,4.5,16.2,24.4,105.5,2009
Los Angeles Clippers,26.6,19.0,63.0,18,64,-8.77,0.3,-8.47,102.3,111.7,-9.4,92.1,0.275,0.226,0.52,0.481,14.0,25.1,0.202,0.512,12.4,71.2,0.227,82,19880,38.7,87.8,0.441,7.0,19.8,0.354,31.7,68.0,0.467,17.8,24.1,0.736,11.7,31.2,42.8,22.6,7.5,6.3,16.0,21.6,102.3,2009
